upper_case,lower_case
Jpamante123@gmail.com,jpamante123@gmail.com
Colleengodfreyre@gmail.com,colleengodfreyre@gmail.com
Naomigayz@gmail.con,naomigayz@gmail.con
Fkh562forbes@gmail.com,fkh562forbes@gmail.com
Kmariepitt@gmail.com,kmariepitt@gmail.com
Colburncl@protonmail.com,colburncl@protonmail.com
Glass4421@aol.com,glass4421@aol.com
Chicboutique4@comcast.net,chicboutique4@comcast.net
Bullmyers@gmail.com,bullmyers@gmail.com
Pixietwist143@gmail.com,pixietwist143@gmail.com
